drug_id,drug_name,generic_name,disease,drug_class,active_ingredient,description,side_effects,contraindications,warnings,major_interactions,source
metformin,Metformin,ಮೆಟ್‌ಫಾರ್ಮಿನ್ ಹೈಡ್ರೋಕ್ಲೋರೈಡ್,ಟೈಪ್ 2 ಸಕ್ಕರೆ ಕಾಯಿಲೆ,ಬಿಗ್ವಾನೈಡ್,ಮೆಟ್‌ಫಾರ್ಮಿನ್ ಹೈಡ್ರೋಕ್ಲೋರೈಡ್,ಈ ಮರ್ದ್ ಕರಲ್‌ಡ್ ಜಾಸ್ತಿ ಸಕ್ಕರೆ ಮಲ್ಪುನ ಕೆಲಸನ್ ಕಮ್ಮಿ ಮಲ್ಪುಂಡು. ಮೈ ಇನ್ಸುಲಿನ್‌ನ್ ಚೆನ್ನ ಉಪಯೋಗ ಮಲ್ಪೆರೆ ಸಹಾಯ ಮಲ್ಪುಂಡು. ಒರೊಮ್ಮೆ ದೆತೊನ್ನಗ ನೆತ್ತೆರ್ದ ಸಕ್ಕರೆ ಅಂಶ ಹಠಾತ್ ಬಾರೀ ಕಮ್ಮಿ ಆಪುನ ಅಪಾಯ ಕಮ್ಮಿ ಉಂಡು.,"ಬಂಜಿ ಬೇನೆ, ಬಂಜಿ ಉರಿ, ಕಕ್ಕುನಾ (ವಾಂತಿ), ಅಜೀರ್ಣ, ತರೆ ಬೇನೆ, ಬಾಯಿಡ್ ಲೋಹದ ರುಚಿ. ದೀರ್ಘಕಾಲ ದೆತೊಂಡ್ರೆ ವಿಟಮಿನ್ B12 ಕಮ್ಮಿ ಆಪೆರೆ ಸಾದ್ಯ ಉಂಡು.",ಕಿಡ್ನಿ ತೊಂದರೆ ಉಪ್ಪುನಕ್ಲೆಗ್ (eGFR 30ಡ್ತ್ ಕಮ್ಮಿ) ಬೊಕ್ಕ ಈ ಮರ್ದ್ಗ್ ಅಲರ್ಜಿ ಉಪ್ಪುನಕ್ಲೆಗ್ ಈ ಮರ್ದ್ ದೆತೊನರೆ ಬಲ್ಲಿ. ಸ್ಕ್ಯಾನ್ ಮಲ್ಪುನ ದುಂಬು ಉಂತಾವೊಡು.,"ಕಿಡ್ನಿ, ಕರಲ್ ತೊಂದರೆ ಉಪ್ಪುನಕ್ಲೆಗ್ ಬೊಕ್ಕ ಸಾರಾಯಿ ಪರ್ಪುನಕ್ಲೆಗ್ ಅಪಾಯ ಜಾಸ್ತಿ. ಶಸ್ತ್ರಚಿಕಿತ್ಸೆ ಅತ್ತಂಡ ಸ್ಕ್ಯಾನ್‌ಗ್ ದುಂಬು ಡಾಕ್ಟರ್‌ನ್ ಪೋದು ತಿಕ್ಕುಲೆ.","Certain seizure/glaucoma medicines (topiramate, acetazolamide) raise the risk of lactic acidosis. Alcohol also raises this risk. Contrast dye used in scans requires pausing metformin for about 48 hours before and after. Cimetidine (an acid-reflux medicine) can raise metformin levels in your blood. (Source: RxNav/DrugBank DDI)",FDA DailyMed; DrugBank DB00331 — ತುಳು
glipizide,Glipizide,ಗ್ಲಿಪಿಝೈಡ್,ಟೈಪ್ 2 ಸಕ್ಕರೆ ಕಾಯಿಲೆ,ಸಲ್ಫೋನಿಲ್ಯುರಿಯಾ (2ನೇ ತಲೆಮಾರು),ಗ್ಲಿಪಿಝೈಡ್,ಈ ಮರ್ದ್ ಮೈಡ್ ಇನ್ಸುಲಿನ್ ಜಾಸ್ತಿ ಬರ್ಪುನಂಚೆ ಮಲ್ತ್‌ದ್ ನೆತ್ತೆರ್ದ ಸಕ್ಕರೆ ಅಂಶನ್ ಕಮ್ಮಿ ಮಲ್ಪುಂಡು. ತೆನಸ್ ಬೊಕ್ಕ ವ್ಯಾಯಾಮದ ಒಟ್ಟುಗು ಉಂದೆನ್ ದೆತೊನುವೆರ್.,"ನೆತ್ತೆರ್ದ ಸಕ್ಕರೆ ಅಂಶ ಬಾರೀ ಕಮ್ಮಿ ಆಪುನು, ಕಕ್ಕುನಾ (ವಾಂತಿ), ಬಂಜಿ ಉರಿ, ತಲೆ ತಿರ್ಗುನು, ತರೆ ಬೇನೆ, ಮೈ ಮೇಲ್ ಕೆಂಪು ದದ್ದು, ತೂಕ ಜಾಸ್ತಿ ಆಪುನು.","ಟೈಪ್ 1 ಮಧುಮೇಹ, ಸಲ್ಫಾ ಮರ್ದ್ಗ್ ಅಲರ್ಜಿ, ತೀವ್ರ ಕಿಡ್ನಿ ಅತ್ತಂಡ ಕರಲ್ ತೊಂದರೆ ಉಂಡೆರ್ಡ ಈ ಮರ್ದ್ ದೆತೊನರೆ ಬಲ್ಲಿ. ಬಂಜಿನಕ್ಲೆಗ್ ದೆತೊನರೆ ಬಲ್ಲಿ.","ನೆತ್ತೆರ್ದ ಸಕ್ಕರೆ ಅಂಶ ಬಾರೀ ಕಮ್ಮಿ ಆಪುನ ಅಪಾಯ ಉಂಡು — ಪ್ರಾಯದಕ್ಲೆಗ್ ಬೊಕ್ಕ ಸಾರಾಯಿ ಪರ್ಪಿನಕ್ಲೆಗ್ ಜಾಸ್ತಿ. ತಟ್ಟನೆ ಮರ್ದ್ ನಿಲ್ಪಾವಡೇ, ಡಾಕ್ಟರ್‌ನ್ ಕೇನ್ದ್ ಮಾತ್ರ ದೆತೊನ್ಲೆ.","Antifungal medicines fluconazole and miconazole can push your blood sugar too low. So can NSAID painkillers, warfarin, and aspirin-type medicines. Beta-blockers (heart/BP medicines) can hide the warning signs of low blood sugar. Rifampin (an antibiotic) can make glipizide work less well. (Source: RxNav/DrugBank DDI)",FDA DailyMed; DrugBank DB01067 — ತುಳು
glimepiride,Glimepiride,ಗ್ಲಿಮೆಪಿರೈಡ್,ಟೈಪ್ 2 ಸಕ್ಕರೆ ಕಾಯಿಲೆ,ಸಲ್ಫೋನಿಲ್ಯುರಿಯಾ (3ನೇ ತಲೆಮಾರು),ಗ್ಲಿಮೆಪಿರೈಡ್,ಈ ಮರ್ದ್ ಮೈಡ್ ಇನ್ಸುಲಿನ್ ಜಾಸ್ತಿ ತಯಾರ್ ಆಪುನಂಚೆ ಮಲ್ತ್‌ದ್ ಸಕ್ಕರೆ ಕಮ್ಮಿ ಮಲ್ಪುಂಡು. ಒರೊಮ್ಮೆ ಅತ್ತಂಡ ಮೆಟ್‌ಫಾರ್ಮಿನ್ ಒಟ್ಟುಗು ದೆತೊನುವೆರ್.,"ನೆತ್ತೆರ್ದ ಸಕ್ಕರೆ ಅಂಶ ಕಮ್ಮಿ ಆಪುನು, ತಲೆ ತಿರ್ಗುನು, ತರೆ ಬೇನೆ, ಕಕ್ಕುನಾ (ವಾಂತಿ), ಶಕ್ತಿ ಕುಂದುನು, ತೂಕ ಜಾಸ್ತಿ ಆಪುನು.","ಟೈಪ್ 1 ಮಧುಮೇಹ, ಸಲ್ಫಾ ಮರ್ದ್ಗ್ ಅಲರ್ಜಿ, ತೀವ್ರ ಕಿಡ್ನಿ ಅತ್ತಂಡ ಕರಲ್ ತೊಂದರೆ ಉಂಡೆರ್ಡ ಈ ಮರ್ದ್ ದೆತೊನರೆ ಬಲ್ಲಿ.",ನೆತ್ತೆರ್ದ ಸಕ್ಕರೆ ಅಂಶ ಬಾರೀ ಕಮ್ಮಿ ಆಪುನ ಅಪಾಯ ಉಂಡು — ಪ್ರಾಯದಕ್ಲೆಗ್ ಜಾಸ್ತಿ. ತೊಂದರೆ ತೋಜಿದ್ ಬತ್ತೆರ್ಡ ಬೇಗ್ ಡಾಕ್ಟರ್‌ನ್ ಪೋದು ತಿಕ್ಕುಲೆ.,"Certain antifungal and cholesterol medicines (fluconazole, gemfibrozil) can raise glimepiride levels significantly. Blood-pressure medicines (ACE inhibitors) and aspirin-type medicines can push blood sugar lower. Steroids and water pills (thiazides) work against it, raising blood sugar. (Source: DrugBank; RxNav)",FDA DailyMed; DrugBank DB00222 — ತುಳು
sitagliptin,Sitagliptin,ಸಿಟಾಗ್ಲಿಪ್ಟಿನ್ ಫಾಸ್ಫೇಟ್,ಟೈಪ್ 2 ಸಕ್ಕರೆ ಕಾಯಿಲೆ,DPP-4 ಇನ್ಹಿಬಿಟರ್,ಸಿಟಾಗ್ಲಿಪ್ಟಿನ್ ಫಾಸ್ಫೇಟ್,ಈ ಮರ್ದ್ ಮೈಡ್ ಇನ್ಸುಲಿನ್ ಪ್ರಮಾಣೊನ್ ಸರಿ ಮಲ್ತ್‌ದ್ ನೆತ್ತೆರ್ದ ಸಕ್ಕರೆ ಅಂಶನ್ ಕಂಟ್ರೋಲ್ ಮಲ್ಪುಂಡು. ಸಕ್ಕರೆ ಬಾರೀ ಕಮ್ಮಿ ಆಪುನ ಅಪಾಯ ಉಂದೆಟ್ ಕಮ್ಮಿ.,"ಮೂಂಕು ಕಟ್ಟುನು, ಗಂಟೆಲ್ ಸೀಕ್, ಉಸಿರಾಟದ ತೊಂದರೆ, ತರೆ ಬೇನೆ. ಅಪರೂಪಗ್: ಪೊಟ್ಟೆಡ್ ತೀವ್ರ ಸೀಕ್, ಸಂಧಿ ಬೇನೆ.",ಈ ಮರ್ದ್ಗ್ ಅಲರ್ಜಿ ಉಂಡೆರ್ಡ ಅತ್ತಂಡ ಟೈಪ್ 1 ಮಧುಮೇಹ ಉಂಡೆರ್ಡ ದೆತೊನರೆ ಬಲ್ಲಿ.,ಪೊಟ್ಟೆಡ್ ತೀವ್ರ ಸೀಕ್ ಬತ್ತೆರ್ಡ ಅತ್ತಂಡ ಸಂಧಿ ಬೇನೆ ಬತ್ತೆರ್ಡ ಮರ್ದ್ ನಿಲ್ಪಾದ್ ಬೇಗ್ ಡಾಕ್ಟರ್‌ನ್ ಪೋದು ತಿಕ್ಕುಲೆ.,May slightly raise levels of digoxin (a heart medicine) — your doctor may want to monitor this. Combining with insulin or sulfonylurea diabetes drugs raises the risk of blood sugar dropping too low. No major interactions through liver enzyme pathways. (Source: FDA label; RxNav),FDA DailyMed; DrugBank DB01261 — ತುಳು
empagliflozin,Empagliflozin,ಎಂಪಾಗ್ಲಿಫ್ಲೋಝಿನ್,ಟೈಪ್ 2 ಸಕ್ಕರೆ ಕಾಯಿಲೆ,SGLT-2 ಇನ್ಹಿಬಿಟರ್,ಎಂಪಾಗ್ಲಿಫ್ಲೋಝಿನ್,ಈ ಮರ್ದ್ ಉಚ್ಚೆದ ಮೂಲಕ ಜಾಸ್ತಿ ಸಕ್ಕರೆನ್ ಪಿದಯಿ ದಾಂಟಾವುಂಡು. ಹಾರ್ಟ್ (ಎದೆ) ಬೊಕ್ಕ ಕಿಡ್ನಿ ರಕ್ಷಣೆಗ್ ಉಂದು ಬಾರೀ ಎಡ್ಡೆ.,"ಉಚ್ಚೆದ ಜಾಗೊಡ್ ಇನ್ಫೆಕ್ಷನ್, ಉಚ್ಚೆ ಜಾಸ್ತಿ ಬಪ್ಪುನು, ಕಕ್ಕುನಾ (ವಾಂತಿ), ಬಿಪಿ ಕಮ್ಮಿ ಆಪುನು.","ತೀವ್ರ ಕಿಡ್ನಿ ತೊಂದರೆ ಉಪ್ಪುನಕ್ಲೆಗ್, ಡಯಾಲಿಸಿಸ್ ರೋಗಿಲೆಗ್ ಬೊಕ್ಕ ಮರ್ದ್ ಅಲರ್ಜಿ ಉಪ್ಪುನಕ್ಲೆಗ್ ದೆತೊನರೆ ಬಲ್ಲಿ.",ಆಪರೇಷನ್‌ಗ್ ದುಂಬು ಮರ್ದ್ ಉಂತಾವೊಡು. ಖಾಸಗಿ ಜಾಗೊಡ್ ತೀವ್ರ ಸೀಕ್ ಅತ್ತಂಡ ಊತ ಬತ್ತೆರ್ಡ ಬೇಗ್ ಡಾಕ್ಟರ್‌ನ್ ಪೋದು ತಿಕ್ಕುಲೆ.,Combining with insulin or other insulin-boosting diabetes drugs raises the risk of blood sugar dropping too low — your dose may need adjusting. Water pills (diuretics) combined with this can increase dehydration and low blood pressure risk. The antibiotic rifampin and similar drugs may make it work less well. (Source: FDA label; DrugBank),FDA DailyMed; DrugBank DB09038 — ತುಳು
pioglitazone,Pioglitazone,ಪಿಯೋಗ್ಲಿಟಾಝೋನ್ ಹೈಡ್ರೋಕ್ಲೋರೈಡ್,ಟೈಪ್ 2 ಸಕ್ಕರೆ ಕಾಯಿಲೆ,ಥಿಯಾಝೋಲಿಡಿನೆಡಿಯೋನ್,ಪಿಯೋಗ್ಲಿಟಾಝೋನ್ ಹೈಡ್ರೋಕ್ಲೋರೈಡ್,ಈ ಮರ್ದ್ ಮೈ ಇನ್ಸುಲಿನ್‌ನ್ ಸರಿ ಉಪಯೊಗ ಮಲ್ಪೆರೆ ಸಾಯ ಮಲ್ತ್‌ದ್ ನೆತ್ತೆರ್ದ ಸಕ್ಕರೆ ಅಂಶನ್ ಕಮ್ಮಿ ಮಲ್ಪುಂಡು.,"ತೂಕ ಜಾಸ್ತಿ ಆಪುನು, ಕಾರ್ ಊತ, ಉಸಿರಾಟದ ತೊಂದರೆ, ತರೆ ಬೇನೆ. ತೀವ್ರ: ಹಾರ್ಟ್ ತೊಂದರೆ ಜಾಸ್ತಿ ಆಪುನು, ಎಲು ಮುರ್ಕುನು.",ಹಾರ್ಟ್ ಫೇಲ್ಯೂರ್ (ಎದೆ ವೈಫಲ್ಯ) ಬೊಕ್ಕ ಬ್ಲಾಡರ್ ಕ್ಯಾನ್ಸರ್ ಇತಿಹಾಸ ಉಂಡೆರ್ಡ ಈ ಮರ್ದ್ ದೆತೊನರೆ ಬಲ್ಲಿ.,ಮೈಡ್ ನೀರ್ ಜಾಸ್ತಿ ಆದ್ ಕಾರ್ ಊತ ಬತ್ತೆರ್ಡ ಡಾಕ್ಟರ್‌ನ್ ಪೋದು ತಿಕ್ಕುಲೆ. ಪಿರಯದ ಪೊಂಜೊಲೆಗ್ ಎಲು ಮುರ್ಕುನ ಅಪಾಯ ಉಂಡು.,Gemfibrozil (a cholesterol medicine) significantly raises pioglitazone levels — the dose is usually limited to 15 mg/day if combined. The antibiotic rifampin makes it less effective. Combining with insulin raises the risk of fluid retention and heart failure. (Source: FDA label; DrugBank),FDA DailyMed; DrugBank DB01138 — ತುಳು
insulin-glargine,Insulin Glargine,ಇನ್ಸುಲಿನ್ ಗ್ಲಾರ್ಜಿನ್,ಟೈಪ್ 2 ಸಕ್ಕರೆ ಕಾಯಿಲೆ,ದೀರ್ಘಕಾಲ ಕ್ರಿಯಾಶೀಲ ಬೇಸಲ್ ಇನ್ಸುಲಿನ್,ಇನ್ಸುಲಿನ್ ಗ್ಲಾರ್ಜಿನ್,ಉಂದು 24 ಗಂಟೆ ಕೆಲಸ ಮಲ್ಪುನ ಇನ್ಸುಲಿನ್ ಸೂಜಿ. ದಿನಕ್ಕ್ ಒಂಜಿ ಸರ್ತಿ ಚರ್ಮದ ತಿರ್ತ್ ಚುಚ್ಚಿ ದೆತೊನುವೆರ್.,"ನೆತ್ತೆರ್ದ ಸಕ್ಕರೆ ಅಂಶ ಬಾರೀ ಕಮ್ಮಿ ಆಪುನು, ಸೂಜಿ ಚುಚ್ಚಿನ ಜಾಗೊಡ್ ಸೀಕ್, ಕೆಂಪು ಆಪುನು, ಊತ, ತೂಕ ಜಾಸ್ತಿ ಆಪುನು.",ಇನ್ಸುಲಿನ್ ಅಲರ್ಜಿ ಉಂಡೆರ್ಡ ದೆತೊನರೆ ಬಲ್ಲಿ. ಸಕ್ಕರೆ ಕಮ್ಮಿ ಉಪ್ಪುನ ಪೊರ್ತುಡು ಚುಚ್ಚೆರೆ ಬಲ್ಲಿ.,ನೆತ್ತೆರ್ದ ಸಕ್ಕರೆ ಅಂಶ ಬಾರೀ ಕಮ್ಮಿ ಆಪುನು ಅಪಾಯಕಾರಿ. ಡೋಸ್ ಬದಲಾವಣೆನ್ ಡಾಕ್ಟರ್‌ನ್ ಕೇನ್ದ್ ಮಾತ್ರ ಮಲ್ಪೊಡು.,"Beta-blockers (heart/BP medicines) can hide the warning signs of low blood sugar and slow recovery from it. Certain blood pressure medicines, aspirin-type drugs, and some antidepressants can make insulin work more strongly, raising the risk of blood sugar dropping too low. Steroids, water pills, and some psychiatric medicines work against it, raising blood sugar. (Source: FDA label; RxNav)",FDA DailyMed; DrugBank DB01309 — ತುಳು
dapagliflozin,Dapagliflozin,ಡಾಪಾಗ್ಲಿಫ್ಲೋಝಿನ್,ಟೈಪ್ 2 ಸಕ್ಕರೆ ಕಾಯಿಲೆ,SGLT-2 ಇನ್ಹಿಬಿಟರ್,ಡಾಪಾಗ್ಲಿಫ್ಲೋಝಿನ್,"ಈ ಮರ್ದ್ ಉಚ್ಚೆದ ಮೂಲಕ ಸಕ್ಕರೆನ್ ಪಿದಯಿ ಕಡಪುಡುಂಡು. ಶುಗರ್, ಹಾರ್ಟ್ ತೊಂದರೆ ಬೊಕ್ಕ ಕಿಡ್ನಿ ರೋಗೊಗ್ ಉಂದು ಬಾರೀ ಎಡ್ಡೆ.","ಉಚ್ಚೆದ ಜಾಗೊಡ್ ಸೋಂಕು, ಬೆರಿ ಬೇನೆ, ಉಚ್ಚೆ ಜಾಸ್ತಿ ಬಪ್ಪುನು, ಕಕ್ಕುನಾ (ವಾಂತಿ).","ತೀವ್ರ ಕಿಡ್ನಿ ತೊಂದರೆ ಉಂಡೆರ್ಡ, ಡಯಾಲಿಸಿಸ್ ಆಪಿನಕ್ಲೆಗ್ ಬೊಕ್ಕ ಮರ್ದ್ ಅಲರ್ಜಿ ಉಂಡೆರ್ಡ ದೆತೊನರೆ ಬಲ್ಲಿ.",ಆಪರೇಷನ್‌ಗ್ ದುಂಬು ಮರ್ದ್ ಉಂತಾವೊಡು. ನೀರ್ ಕಮ್ಮಿ ಆದ್ ಬಿಪಿ ಕಮ್ಮಿ ಆಪಂದಿಲೆಕ್ಕ ಜಾಗ್ರತೆ ಮಲ್ಪೊಡು.,"Combining with insulin or sulfonylurea diabetes drugs raises the risk of blood sugar dropping too low. Water pills combined with this can worsen dehydration. Certain other medicines (like mefenamic acid, a painkiller) may raise dapagliflozin levels. (Source: FDA label; DrugBank)",FDA DailyMed; DrugBank DB06292 — ತುಳು
vildagliptin,Vildagliptin,ವಿಲ್ಡಾಗ್ಲಿಪ್ಟಿನ್,ಟೈಪ್ 2 ಸಕ್ಕರೆ ಕಾಯಿಲೆ,DPP-4 ಇನ್ಹಿಬಿಟರ್,ವಿಲ್ಡಾಗ್ಲಿಪ್ಟಿನ್,ಈ ಮರ್ದ್ ಮೈಡ್ ಇನ್ಸುಲಿನ್ ಜಾಸ್ತಿ ತಯಾರ್ ಆಪುನಂಚೆ ಮಲ್ತ್‌ದ್ ನೆತ್ತೆರ್ದ ಸಕ್ಕರೆ ಅಂಶನ್ ಕಂಟ್ರೋಲ್ ಮಲ್ಪುಂಡು.,"ಮೂಂಕು ಕಟ್ಟುನು, ತರೆ ಬೇನೆ, ತಲೆ ತಿರ್ಗುನು, ಕಾರ್ ಊತ, ಕಕ್ಕುನಾ (ವಾಂತಿ).",ಕರಲ್ (ಲಿವರ್) ತೊಂದರೆ ಉಂಡೆರ್ಡ ಬೊಕ್ಕ ಈ ಮರ್ದ್ಗ್ ಅಲರ್ಜಿ ಉಂಡೆರ್ಡ ದೆತೊನರೆ ಬಲ್ಲಿ.,ಮರ್ದ್ ಶುರು ಮಲ್ಪುನ ದುಂಬು ಕರಲ್ (ಲಿವರ್) ತಪಾಸಣೆ ಮಲ್ಪಾವೊಡು.,Combining with insulin or sulfonylurea diabetes drugs may need a lower dose of those drugs to avoid blood sugar dropping too low. ACE inhibitor blood-pressure medicines have been linked to a higher risk of swelling reactions (angioedema) when combined. No major liver-enzyme-based drug interactions. (Source: DrugBank; EMA label),FDA DailyMed; DrugBank DB04868 — ತುಳು
acarbose,Acarbose,ಅಕಾರ್ಬೋಸ್,ಟೈಪ್ 2 ಸಕ್ಕರೆ ಕಾಯಿಲೆ,ಆಲ್ಫಾ-ಗ್ಲೂಕೋಸಿಡೇಸ್ ಇನ್ಹಿಬಿಟರ್,ಅಕಾರ್ಬೋಸ್,ಈ ಮರ್ದ್ ತಿನ್ನಿ ಬೊಕ್ಕ ನೆತ್ತೆರ್ದ ಸಕ್ಕರೆ ಅಂಶ ಹಠಾತ್ ಜಾಸ್ತಿ ಆಪುನೆನ್ ತಡೆಯುಂಡು. ಅರಿ-ರೊಟ್ಟಿ ಜಾಸ್ತಿ ತಿನ್ಪಿನ ನಮ್ಮ ಊರ್ದ ತೆನಸ್‌ಗ್ ಉಂದು ಬಾರೀ ಎಡ್ಡೆ.,"ಪೊಟ್ಟೆಡ್ ಗ್ಯಾಸ್, ಪೊಟ್ಟೆ ಊತ, ಬಂಜಿ ಬೇನೆ, ಗೇಂಟಿ. ನಿಧಾನವಾದ್ ಡೋಸ್ ಕಮ್ಮಿ ಮಲ್ತೆರ್ಡ ಸರಿ ಆಪುಂಡು.","ಕರ್ಳ್ ಉರಿ, ಜೀರ್ಣ ತೊಂದರೆ, ಕರಲ್ ವೈಫಲ್ಯ ಉಂಡೆರ್ಡ ಈ ಮರ್ದ್ ದೆತೊನರೆ ಬಲ್ಲಿ.","ಸಕ್ಕರೆ ಕಮ್ಮಿ ಆಂಡ ನೇರ ಗ್ಲೂಕೋಸ್ ಪರ್ಲೆ, ಸಾಮಾನ್ಯ ಸಕ್ಕರೆ ಕೆಲಸ ಮಲ್ಪಂಜಿ. ಕರಲ್ ತಪಾಸಣೆ ಮಲ್ಪಾವೊಡು.",Digestive enzyme supplements (like amylase or pancreatin) make acarbose less effective — avoid combining them. Activated charcoal also reduces its effect. It may lower the absorption of digoxin (a heart medicine). (Source: FDA label; DrugBank),FDA DailyMed; DrugBank DB00284 — ತುಳು
amlodipine,Amlodipine,ಅಮ್ಲೋಡಿಪಿನ್ ಬೆಸಿಲೇಟ್,ಅಧಿಕ ರಕ್ತ ಒತ್ತಡ,ಕ್ಯಾಲ್ಸಿಯಂ ಚಾನೆಲ್ ಬ್ಲಾಕರ್,ಅಮ್ಲೋಡಿಪಿನ್ ಬೆಸಿಲೇಟ್,ಈ ಮರ್ದ್ ನೆತ್ತೆರ್ದ ನರೊಲೆನ್ ಸಡಿಲ ಮಲ್ತ್‌ದ್ ಬಿಪಿ (ರಕ್ತದೊತ್ತಡ) ಕಮ್ಮಿ ಮಲ್ಪುಂಡು. ಬಿಪಿ ಬೊಕ್ಕ ಎದೆ ಬೇನೆ ಉಂಡೆರ್ಡ ಉಂದೆನ್ ಕೊರ್ಪೆರ್.,"ಕಾರ್ ಊತ, ಮೋರೆ ಕೆಂಪು ಆಪುನು, ತರೆ ಬೇನೆ, ತಲೆ ತಿರ್ಗುನು, ಎದೆ ಬಡಿತ ಜಾಸ್ತಿ ಆಪುನು, ಆಯಾಸ.",ಅಮ್ಲೋಡಿಪಿನ್ ಮರ್ದ್ಗ್ ಅಲರ್ಜಿ ಉಪ್ಪುನಕ್ಲೆಗ್ ಈ ಮರ್ದ್ ದೆತೊನರೆ ಬಲ್ಲಿ.,ಬಿಪಿ ಹಠಾತ್ ಕಮ್ಮಿ ಆಪುನ ಸಾದ್ಯತೆ ಉಂಡು. ಕಾರ್ ಊತ ಜಾಸ್ತಿ ಆಂಡ ಡಾಕ್ಟರ್‌ನ್ ಪೋದು ತಿಕ್ಕುಲೆ.,"Certain antifungal and antibiotic medicines (ketoconazole, ritonavir, clarithromycin) can raise amlodipine levels significantly — blood pressure should be monitored. Rifampin (an antibiotic) makes it less effective. If you take simvastatin (a cholesterol medicine), your dose should be limited to 20 mg/day. Levels of cyclosporine and tacrolimus (organ transplant medicines) may rise. (Source: FDA label; RxNav)",FDA DailyMed; DrugBank DB00381 — ತುಳು
losartan,Losartan,ಲೊಸಾರ್ಟಾನ್ ಪೊಟ್ಯಾಸಿಯಂ,ಅಧಿಕ ರಕ್ತ ಒತ್ತಡ,ARB,ಲೊಸಾರ್ಟಾನ್ ಪೊಟ್ಯಾಸಿಯಂ,ಈ ಮರ್ದ್ ಬಿಪಿನ್ ಕಮ್ಮಿ ಮಲ್ಪುಂಡು ಬೊಕ್ಕ ಶುಗರ್ ಉಪ್ಪುನಕ್ಲೆಗ್ ಕಿಡ್ನಿ ರಕ್ಷಣೆ ಮಲ್ಪುಂಡು.,"ತಲೆ ತಿರ್ಗುನು, ಉಸಿರಾಟದ ತೊಂದರೆ, ಮೂಂಕು ಕಟ್ಟುನು, ಬೆರಿ ಬೇನೆ, ಆಯಾಸ.",ಬಂಜಿನ ಪೊಂಜೊಲು ಈ ಮರ್ದ್ ದೆತೊನರೆ ಬಲ್ಲಿ — ಮಗೊಗ್ ಬಾರೀ ಅಪಾಯ.,ಬಂಜಿ ಉಂಡ್ ಪಂದ್ ತೆರಿದಿ ಬೊಕ್ಕ ಬೇಗ್ ಮರ್ದ್ ನಿಲ್ಪಾವ್ಲೆ. ಕಿಡ್ನಿ ತಪಾಸಣೆ ಮಲ್ಪಾವೊಡು.,Combining with aliskiren is not recommended if you have diabetes or kidney problems. Potassium supplements or potassium-sparing water pills can push potassium too high. NSAID painkillers reduce its blood-pressure-lowering effect and can strain the kidneys. It can raise lithium levels to a toxic degree. (Source: FDA label; RxNav),FDA DailyMed; DrugBank DB00678 — ತುಳು
enalapril,Enalapril,ಎನಾಲಾಪ್ರಿಲ್ ಮ್ಯಾಲೇಟ್,ಅಧಿಕ ರಕ್ತ ಒತ್ತಡ,ACE ಇನ್ಹಿಬಿಟರ್,ಎನಾಲಾಪ್ರಿಲ್ ಮ್ಯಾಲೇಟ್,ಈ ಮರ್ದ್ ನೆತ್ತೆರ್ದ ನರೊನ್ ಸಡಿಲ ಮಲ್ತ್‌ದ್ ಬಿಪಿ ಕಮ್ಮಿ ಮಲ್ಪುಂಡು. ಹಾರ್ಟ್ ತೊಂದರೆ ಉಪ್ಪುನಕ್ಲೆಗ್‌ಲಾ ಉಂದೆನ್ ಕೊರ್ಪೆರ್.,"ಒಣ ತೆಮ್ಮ, ತಲೆ ತಿರ್ಗುನು, ತರೆ ಬೇನೆ, ಆಯಾಸ. ಅಪರೂಪಗ್: ಮೋರೆ/ಗಂಟೆಲ್ ಊತ.",ಬಂಜಿನ ಪೊಂಜೊಲು ಬೊಕ್ಕ ದುಂಬು ಈ ಮರ್ದ್ರ್ದ್ ಊತ ಬಂದಿನಕುಲು ದೆತೊನರೆ ಬಲ್ಲಿ.,"ಮೋರೆ, ತುಟಿ, ಗಂಟೆಲ್ ಊತ ಬತ್ತೆರ್ಡ ಬೇಗ್ ಆಸ್ಪತ್ರೆಗ್ ಪೋಲೆ. ಬಂಜಿ ಉಂಡ್ ಪಂದ್ ತೆರಿದಿ ಬೊಕ್ಕ ಮರ್ದ್ ನಿಲ್ಪಾವ್ಲೆ.",Combining with aliskiren is not recommended in diabetes or kidney disease. Potassium-sparing water pills or potassium supplements can raise potassium to dangerous levels. NSAID painkillers reduce its effect and can strain the kidneys. It can raise lithium levels. (Source: FDA label; RxNav),FDA DailyMed; DrugBank DB00584 — ತುಳು
telmisartan,Telmisartan,ಟೆಲ್ಮಿಸಾರ್ಟಾನ್,ಅಧಿಕ ರಕ್ತ ಒತ್ತಡ,ARB,ಟೆಲ್ಮಿಸಾರ್ಟಾನ್,ಈ ಮರ್ದ್ ದಿನಕ್ಕ್ ಒಂಜಿ ಸರ್ತಿ ದೆತೊಂಡ್ರೆ 24 ಗಂಟೆ ಬಿಪಿನ್ ಸರಿ ಕಂಟ್ರೋಲ್ ಮಲ್ಪುಂಡು.,"ಉಸಿರಾಟದ ತೊಂದರೆ, ಬೆರಿ ಬೇನೆ, ಸೈನಸ್, ಗೇಂಟಿ, ತಲೆ ತಿರ್ಗುನು.",ಬಂಜಿನ ಪೊಂಜೊಲು ಬೊಕ್ಕ ಮರ್ದ್ ಅಲರ್ಜಿ ಉಪ್ಪುನಕುಲು ದೆತೊನರೆ ಬಲ್ಲಿ.,ಬಂಜಿ ಉಂಡ್ ಪಂದ್ ತೆರಿದಿ ಬೊಕ್ಕ ಬೇಗ್ ಮರ್ದ್ ನಿಲ್ಪಾವ್ಲೆ. ಕಿಡ್ನಿ ಚೆಕ್ ಮಲ್ಪಾವೊಡು.,Raises blood levels of digoxin (a heart medicine) — this needs monitoring. Can increase lithium toxicity. Combining with ramipril (another blood-pressure medicine acting on the same system) isn't recommended. NSAID painkillers reduce its effect and add kidney risk. (Source: FDA label; DrugBank),FDA DailyMed; DrugBank DB00966 — ತುಳು
hydrochlorothiazide,Hydrochlorothiazide,ಹೈಡ್ರೋಕ್ಲೋರೋಥಿಯಾಝೈಡ್,ಅಧಿಕ ರಕ್ತ ಒತ್ತಡ,ಥಿಯಾಝೈಡ್ ಮೂತ್ರವರ್ಧಕ,ಹೈಡ್ರೋಕ್ಲೋರೋಥಿಯಾಝೈಡ್,ಈ ಮರ್ದ್ ಉಚ್ಚೆ ಜಾಸ್ತಿ ಪಿದಯಿ ದಾಂಟಾದ್ ಬಿಪಿನ್ ಕಮ್ಮಿ ಮಲ್ಪುಂಡು.,"ತಲೆ ತಿರ್ಗುನು, ಮೈಡ್ ಉಪ್ಪು/ಪೊಟ್ಯಾಸಿಯಂ ಕಮ್ಮಿ ಆಪುನು, ಶುಗರ್ ಜಾಸ್ತಿ ಆಪುನು.",ಉಚ್ಚೆ ಪಿದಯಿ ಪೋವಂದಿ ಸ್ಥಿತಿ ಬೊಕ್ಕ ತೀವ್ರ ಕಿಡ್ನಿ ವೈಫಲ್ಯ ಉಂಡೆರ್ಡ ದೆತೊನರೆ ಬಲ್ಲಿ.,ನೆತ್ತೆರ್ಡ್ ಪೊಟ್ಯಾಸಿಯಂ ಬೊಕ್ಕ ಸೋಡಿಯಂ ಚೆಕ್ ಮಲ್ಪಾವೊಡು. ಗೌಟ್ (ಸಂಧಿ ಬೇನೆ) ಉಪ್ಪುನಕ್ಲೆಗ್ ಸೀಕ್ ಜಾಸ್ತಿ ಆಪೆರೆ ಸಾದ್ಯ ಉಂಡು.,"Significantly raises the risk of lithium toxicity if taken together. NSAID painkillers reduce its water-pill and blood-pressure effects. Can raise blood sugar, working against diabetes medicines. Steroids add to potassium loss. Low potassium from this medicine can make digoxin (a heart medicine) more likely to cause problems. (Source: FDA label; RxNav)",FDA DailyMed; DrugBank DB00999 — ತುಳು
atenolol,Atenolol,ಅಟೆನೊಲಾಲ್,ಅಧಿಕ ರಕ್ತ ಒತ್ತಡ,ಬೀಟಾ-1 ಬ್ಲಾಕರ್,ಅಟೆನೊಲಾಲ್,ಈ ಮರ್ದ್ ಎದೆ ಬಡಿತೊನ್ ಸರಿ ಮಲ್ತ್‌ದ್ ಬಿಪಿನ್ ಕಮ್ಮಿ ಮಲ್ಪುಂಡು.,"ಎದೆ ಬಡಿತ ಬಾರೀ ನಿಧಾನ ಆಪುನು, ಆಯಾಸ, ತಲೆ ತಿರ್ಗುನು, ಕೈ-ಖಾರ್ ತಣ್ಣಗ್ ಆಪುನು, ನಿದ್ರೆ ಬಪ್ಪಂದಿಪ್ಪುನು.",ಎದೆ ಬಡಿತ ಬಾರೀ ಕಮ್ಮಿ ಉಪ್ಪುನಕ್ಲೆಗ್ ಬೊಕ್ಕ ಹಾರ್ಟ್ ಬ್ಲಾಕ್ ಉಪ್ಪುನಕ್ಲೆಗ್ ದೆತೊನರೆ ಬಲ್ಲಿ.,ತಟ್ಟನೆ ಮರ್ದ್ ನಿಲ್ಪಾವಡೇ — ಎದೆ ಬೇನೆ ಬೊಕ್ಕ ಹಾರ್ಟ್ ಅಟ್ಯಾಕ್ ಆಪುನ ಅಪಾಯ ಉಂಡು. ನಿಧಾನ ಕಮ್ಮಿ ಮಲ್ತ್ ಉಂತಾವೊಡು.,"Combining with certain blood-pressure medicines (verapamil, diltiazem) can cause a dangerously slow heart rate or heart block. If you're also on clonidine, stopping it while still on this drug can cause a sharp rebound rise in blood pressure. Combined with insulin or diabetes tablets, it can prolong and hide low blood sugar. NSAID painkillers reduce its blood-pressure-lowering effect. (Source: FDA label; RxNav)",FDA DailyMed; DrugBank DB00335 — ತುಳು
ramipril,Ramipril,ರಾಮಿಪ್ರಿಲ್,ಅಧಿಕ ರಕ್ತ ಒತ್ತಡ,ACE ಇನ್ಹಿಬಿಟರ್,ರಾಮಿಪ್ರಿಲ್,ಈ ಮರ್ದ್ ಬಿಪಿ ಕಂಟ್ರೋಲ್ ಮಲ್ಪುನೆ ಜೊತೆಗ್ ಎದೆನ್ (ಹಾರ್ಟ್) ರಕ್ಷಣೆ ಮಲ್ಪುಂಡು.,"ಒಣ ತೆಮ್ಮ, ತಲೆ ತಿರ್ಗುನು, ತರೆ ಬೇನೆ, ಆಯಾಸ. ಅಪರೂಪಗ್: ಮೋರೆ ಊತ.",ಬಂಜಿನ ಪೊಂಜೊಲು ಈ ಮರ್ದ್ ದೆತೊನರೆ ಬಲ್ಲಿ.,ಬಂಜಿ ಉಂಡ್ ಪಂದ್ ತೆರಿದಿ ಬೊಕ್ಕ ಬೇಗ್ ಮರ್ದ್ ನಿಲ್ಪಾವ್ಲೆ. ಕಿಡ್ನಿ ತಪಾಸಣೆ ಮಲ್ಪಾವೊಡು.,Combining with aliskiren is not recommended in diabetes or kidney disease. Potassium-sparing water pills can cause dangerously high potassium. NSAID painkillers reduce its effect and add kidney strain. It can raise lithium levels. (Source: FDA label; RxNav),FDA DailyMed; DrugBank DB00178 — ತುಳು
chlorthalidone,Chlorthalidone,ಕ್ಲೋರ್‌ತಾಲಿಡೋನ್,ಅಧಿಕ ರಕ್ತ ಒತ್ತಡ,ಥಿಯಾಝೈಡ್ ಮಾದರಿ ಮೂತ್ರವರ್ಧಕ,ಕ್ಲೋರ್‌ತಾಲಿಡೋನ್,ಈ ಮರ್ದ್ ಉಚ್ಚೆ ಪಿದಯಿ ದಾಂಟಾದ್ ಬಿಪಿನ್ ಕಮ್ಮಿ ಮಲ್ಪುಂಡು. ದಿನಕ್ಕ್ ಒಂಜಿ ಸರ್ತಿ ದೆತೊಂಡ್ರೆ ಸಾಕು.,"ಮೈಡ್ ಪೊಟ್ಯಾಸಿಯಂ ಕಮ್ಮಿ ಆಪುನು, ಮಾಂಸಖಂಡೊದ ಸೆಳೆತ, ತಲೆ ತಿರ್ಗುನು.",ಉಚ್ಚೆ ಪೋವಂದಿ ಸ್ಥಿತಿ ಬೊಕ್ಕ ತೀವ್ರ ಕಿಡ್ನಿ ವೈಫಲ್ಯ ಉಂಡೆರ್ಡ ದೆತೊನರೆ ಬಲ್ಲಿ.,ಪೊಟ್ಯಾಸಿಯಂ ಚೆಕ್ ಮಲ್ಪಾವೊಡು — ಕಮ್ಮಿ ಆಂಡ ಸಪ್ಲಿಮೆಂಟ್ ದೆತೊನೊಡಾಪುಂಡು.,Raises the risk of lithium toxicity. Low potassium caused by this medicine can make digoxin (a heart medicine) more likely to cause an irregular heartbeat. NSAID painkillers reduce its diuretic and blood-pressure effects. Steroids and amphotericin B add to potassium loss. (Source: FDA label; DrugBank),FDA DailyMed; DrugBank DB00310 — ತುಳು
carvedilol,Carvedilol,ಕಾರ್ವೆಡಿಲಾಲ್,ಅಧಿಕ ರಕ್ತ ಒತ್ತಡ,ಆಲ್ಫಾ-ಬೀಟಾ ಬ್ಲಾಕರ್,ಕಾರ್ವೆಡಿಲಾಲ್,ಈ ಮರ್ದ್ ಎದೆ ಬಡಿತೊನ್ ಕಮ್ಮಿ ಮಲ್ತ್‌ದ್ ಬಿಪಿನ್ ಕಮ್ಮಿ ಮಲ್ಪುಂಡು. ಬಿಪಿ ಬೊಕ್ಕ ಎದೆ ವೈಫಲ್ಯ ರಡ್ಡೆಗ್‌ಲಾ ಕೊರ್ಪೆರ್.,"ತಲೆ ತಿರ್ಗುನು, ಆಯಾಸ, ಬಿಪಿ ಕಮ್ಮಿ ಆಪುನು, ತೂಕ ಜಾಸ್ತಿ, ಕಾರ್ ಊತ.",ಆಸ್ತಮಾ (ಉಸಿರು ಸೀಕ್) ಬೊಕ್ಕ ಹಾರ್ಟ್ ಬ್ಲಾಕ್ ಉಪ್ಪುನಕ್ಲೆಗ್ ದೆತೊನರೆ ಬಲ್ಲಿ.,ತಟ್ಟನೆ ಮರ್ದ್ ನಿಲ್ಪಾವಡೇ — ಡಾಕ್ಟರ್‌ನ್ ಕೇನ್ದ್ ನಿಧಾನ ಕಮ್ಮಿ ಮಲ್ಪೊಡು.,"Combining with verapamil or diltiazem (other heart/BP medicines) can cause a dangerously slow heart rate — this combination is usually avoided. It raises digoxin levels by about 15%, so monitoring is needed. Combined with insulin or diabetes tablets, it can strengthen and hide low blood sugar. Certain antidepressants (fluoxetine, paroxetine) can raise carvedilol levels. (Source: FDA label; RxNav)",FDA DailyMed; DrugBank DB01136 — ತುಳು
clonidine,Clonidine,ಕ್ಲೋನಿಡಿನ್ ಹೈಡ್ರೋಕ್ಲೋರೈಡ್,ಅಧಿಕ ರಕ್ತ ಒತ್ತಡ,ಕೇಂದ್ರ ಆಲ್ಫಾ-2 ಆಗೋನಿಸ್ಟ್,ಕ್ಲೋನಿಡಿನ್ ಹೈಡ್ರೋಕ್ಲೋರೈಡ್,ಈ ಮರ್ದ್ ಬಿಪಿ ಬಾರೀ ಜಾಸ್ತಿ ಆನಗ ಬೇಗ್ ಬಿಪಿ ಕಮ್ಮಿ ಮಲ್ಪೆರೆ ಕೊರ್ಪುನ ತುರ್ತು ಮರ್ದ್.,"ಬಾಯಿ ಒಣಗುನು, ನಿದ್ರೆ ಬಪ್ಪುನು, ತಲೆ ತಿರ್ಗುನು, ಮಲಬದ್ಧತೆ, ಆಯಾಸ.",ಈ ಮರ್ದ್ಗ್ ಅಲರ್ಜಿ ಉಪ್ಪುನಕ್ಲೆಗ್ ದೆತೊನರೆ ಬಲ್ಲಿ.,ತಟ್ಟನೆ ನಿಲ್ಪಾದ್ರೆ ಬಿಪಿ ಬಾರೀ ಜಾಸ್ತಿ ಆಪೆರೆ ಸಾದ್ಯ ಉಂಡು. ನಿದ್ರೆ ಬಪ್ಪುನೆರ್ದ್ ಗಾಡಿ ಚಾಲನೆ ಮಲ್ಪೆರೆ ಬಲ್ಲಿ.,"If you're on a beta-blocker and stop clonidine abruptly, this can cause a severe rebound rise in blood pressure — clonidine must be tapered off first, then the beta-blocker. Certain antidepressants (tricyclics) can reduce its blood-pressure-lowering effect. Alcohol and sedating medicines add to drowsiness. (Source: FDA label; RxNav)",FDA DailyMed; DrugBank DB00575 — ತುಳು
ibuprofen,Ibuprofen,ಇಬ್ಯೂಪ್ರೊಫೆನ್,ಮೂಳೆ ಸಂಧಿ ಬೇನೆ,NSAID,ಇಬ್ಯೂಪ್ರೊಫೆನ್,"ಈ ಮರ್ದ್ ಸೀಕ್, ಉರಿ ಬೊಕ್ಕ ಜ್ವರೊನ್ ಕಮ್ಮಿ ಮಲ್ಪುಂಡು. ಎಲು-ಸಂಧಿ ಬೇನೆ ಬೊಕ್ಕ ಮೈ ಸೀಕ್ ಕೊರ್ಪೆರ್.","ಬಂಜಿ ಬೇನೆ, ಕಕ್ಕುನಾ (ವಾಂತಿ), ಅಜೀರ್ಣ, ಗೇಂಟಿ, ಬಿಪಿ ಜಾಸ್ತಿ, ಕಾರ್ ಊತ. ತೀವ್ರ: ಪೊಟ್ಟೆಡ್ ಗಾಯ/ರಕ್ತಸ್ರಾವ, ಕಿಡ್ನಿ ಹಾನಿ.","ಪೊಟ್ಟೆಡ್ ಅಲ್ಸರ್ (ಗಾಯ) ಉಂಡೆರ್ಡ, ಮರ್ದ್ ಅಲರ್ಜಿ ಉಂಡೆರ್ಡ, ಗರ್ಭಿಣಿ 30ನೇ ವಾರೊರ್ದ್ ಬೊಕ್ಕ ದೆತೊನರೆ ಬಲ್ಲಿ.",ಹಾರ್ಟ್ ಅಟ್ಯಾಕ್ ಬೊಕ್ಕ ಪೊಟ್ಟೆಡ್ ರಕ್ತಸ್ರಾವದ ಅಪಾಯ ಉಂಡು. ತೆನಸ್ ದೆತೊಂಡಿ ಬೊಕ್ಕ ಮಾತ್ರ ದೆತೊನ್ಲೆ.,"If you take low-dose aspirin to protect your heart, taking ibuprofen too close to it can block aspirin's protective effect — take aspirin at least 2 hours before ibuprofen. It increases bleeding risk with warfarin (a blood thinner). It can reduce the effect of blood pressure medicines (ACE inhibitors/ARBs) and stress the kidneys. It raises lithium levels. It significantly increases the toxicity risk of methotrexate. (Source: FDA label; RxNav)",FDA DailyMed; DrugBank DB01050 — ತುಳು
diclofenac,Diclofenac,ಡಿಕ್ಲೊಫೆನಾಕ್ ಸೋಡಿಯಂ,ಮೂಳೆ ಸಂಧಿ ಬೇನೆ,NSAID,ಡಿಕ್ಲೊಫೆನಾಕ್ ಸೋಡಿಯಂ,ಉಂದು ಸೀಕ್ ಬೊಕ್ಕ ಉರಿ ಕಮ್ಮಿ ಮಲ್ಪುನ ಮುಖ್ಯ ಮರ್ದ್. ಬೆರಿ ಬೇನೆ ಬೊಕ್ಕ ಸಂಧಿ ಬೇನೆ ಕೊರ್ಪೆರ್.,"ಬಂಜಿ ಬೇನೆ, ಕಕ್ಕುನಾ (ವಾಂತಿ), ಅಜೀರ್ಣ. ತೀವ್ರ: ಹಾರ್ಟ್ ಅಟ್ಯಾಕ್, ಪೊಟ್ಟೆಡ್ ರಕ್ತಸ್ರಾವ, ಕರಲ್ ಹಾನಿ.","ಪೊಟ್ಟೆಡ್ ಗಾಯ ಉಂಡೆರ್ಡ, ಮರ್ದ್ ಅಲರ್ಜಿ ಉಂಡೆರ್ಡ ಬೊಕ್ಕ ಗರ್ಭದ ಕೊನೆ 3 ತಿಂಗೊಲುಡ್ ದೆತೊನರೆ ಬಲ್ಲಿ.",ಹಾರ್ಟ್ ಅಟ್ಯಾಕ್ ಬೊಕ್ಕ ಸ್ಟ್ರೋಕ್ ಅಪಾಯ ಉಂಡು. ಕರಲ್ ತಪಾಸಣೆ ಮಲ್ಪಾವೊಡು. ತೆನಸ್ ದೆತೊಂಡಿ ಬೊಕ್ಕ ದೆತೊನ್ಲೆ.,Increases bleeding risk with warfarin and other blood thinners — INR blood tests should be monitored closely. Can raise methotrexate levels to a potentially dangerous degree. Increases kidney-related side effects of cyclosporine. May raise digoxin levels. Reduces the effectiveness of blood pressure medicines (ACE inhibitors/ARBs) and can trigger sudden kidney problems. (Source: FDA label; DrugBank),FDA DailyMed; DrugBank DB00586 — ತುಳು
naproxen,Naproxen,ನ್ಯಾಪ್ರೊಕ್ಸೆನ್ ಸೋಡಿಯಂ,ಮೂಳೆ ಸಂಧಿ ಬೇನೆ,NSAID,ನ್ಯಾಪ್ರೊಕ್ಸೆನ್ ಸೋಡಿಯಂ,ಈ ಮರ್ದ್ ದೀರ್ಘಕಾಲ ಕೆಲಸ ಮಲ್ಪುನ ಸೀಕ್ ನಿವಾರಕ — ದಿನಕ್ಕ್ ರಡ್ಡ್ ಸರ್ತಿ ದೆತೊಂಡ್ರೆ ಸಾಕು.,"ಬಂಜಿ ಬೇನೆ, ಅಜೀರ್ಣ, ಬಂಜಿ ಉರಿ, ಕಾರ್ ಊತ, ಬಿಪಿ ಜಾಸ್ತಿ.","ಮರ್ದ್ ಅಲರ್ಜಿ, ಪೊಟ್ಟೆಡ್ ಗಾಯ, ಗರ್ಭಿಣಿ 30ನೇ ವಾರೊರ್ದ್ ಬೊಕ್ಕ ದೆತೊನರೆ ಬಲ್ಲಿ.",ಹಾರ್ಟ್ ಅಟ್ಯಾಕ್ ಬೊಕ್ಕ ಪೊಟ್ಟೆಡ್ ರಕ್ತಸ್ರಾವದ ಅಪಾಯ ಉಂಡು. ದೀರ್ಘಕಾಲ ದೆತೊಂಡ್ರೆ ಕಿಡ್ನಿ ಹಾನಿ ಆಪೆರೆ ಸಾದ್ಯ ಉಂಡು.,Increases bleeding risk with warfarin — INR should be monitored closely. Reduces the effect of blood pressure medicines (ACE inhibitors/ARBs) and can strain the kidneys. Raises methotrexate levels and toxicity risk. Probenecid (a gout medicine) raises naproxen levels. Can raise lithium to toxic levels. (Source: FDA label; RxNav),FDA DailyMed; DrugBank DB00788 — ತುಳು
methotrexate,Methotrexate,ಮೆಥೊಟ್ರೆಕ್ಸೇಟ್,ಮೂಳೆ ಸಂಧಿ ಬೇನೆ,DMARD / ಫೋಲೇಟ್ ವಿರೋಧಿ,ಮೆಥೊಟ್ರೆಕ್ಸೇಟ್,ಉಂದು ಸಂಧಿ ಬೇನೆ (ಆರ್ಥ್ರೈಟಿಸ್) ಕಂಟ್ರೋಲ್ ಮಲ್ಪೆರೆ ಕೊರ್ಪುನ ಮುಖ್ಯ ಮರ್ದ್. ವಾರಕ್ಕ್ ಒಂಜಿ ಸರ್ತಿ ಮಾತ್ರ ದೆತೊನೊಡು.,"ಕಕ್ಕುನಾ (ವಾಂತಿ), ಬಾಯಿ ಗಾಯ, ಆಯಾಸ. ತೀವ್ರ: ಕರಲ್ ಹಾನಿ, ನೆತ್ತೆರ್ದ ಕಣ ಕಮ್ಮಿ ಆಪುನು.","ಬಂಜಿನ ಪೊಂಜೊಲು (ಬಾರೀ ಅಪಾಯ), ಸಾರಾಯಿ ಪರ್ಪುನಕುಲು, ಕರಲ್ ಬೊಕ್ಕ ಕಿಡ್ನಿ ತೊಂದರೆ ಉಪ್ಪುನಕುಲು ದೆತೊನರೆ ಬಲ್ಲಿ.",ವಾರಕ್ಕ್ ಒಂಜಿ ಸರ್ತಿ ಮಾತ್ರ ದೆತೊನೊಡು — ದಿನಪ್ರತಿ ದೆತೊಂಡ್ರೆ ಪ್ರಾಣಾಪಾಯ! ಕರಲ್ ಬೊಕ್ಕ ನೆತ್ತೆರ್ ತಪಾಸಣೆ ಮಲ್ಪಾವೊಡು. ಸಾರಾಯಿ ಪರ್ಪುನೆನ್ ಬುಡ್ಲೆ.,"NSAID painkillers (ibuprofen, diclofenac) reduce how well the kidneys clear methotrexate, which can cause potentially fatal toxicity — this combination is usually avoided or closely monitored. Certain antibiotics (trimethoprim/sulfamethoxazole) add to its toxic effects and should be avoided. Penicillin-type antibiotics slow its clearance. Acid-reflux medicines (proton pump inhibitors) may raise its levels. Alcohol increases liver damage risk. (Source: FDA label; RxNav; DrugBank)",FDA DailyMed; DrugBank DB00563 — ತುಳು
hydroxychloroquine,Hydroxychloroquine,ಹೈಡ್ರಾಕ್ಸಿಕ್ಲೋರೋಕ್ವಿನ್ ಸಲ್ಫೇಟ್,ಮೂಳೆ ಸಂಧಿ ಬೇನೆ,DMARD / ಮಲೇರಿಯಾ ವಿರೋಧಿ,ಹೈಡ್ರಾಕ್ಸಿಕ್ಲೋರೋಕ್ವಿನ್ ಸಲ್ಫೇಟ್,ಈ ಮರ್ದ್ ಸಂಧಿ ಬೇನೆ (ಆರ್ಥ್ರೈಟಿಸ್) ಬೊಕ್ಕ ಲ್ಯೂಪಸ್ ಸೀಕ್ ಕೊರ್ಪುನ ಮರ್ದ್.,"ಕಕ್ಕುನಾ (ವಾಂತಿ), ಗೇಂಟಿ, ತರೆ ಬೇನೆ, ಮೈ ದದ್ದು. ತೀವ್ರ: ಕಣ್ಣ್ದ ಪರೆ (ರೆಟಿನಾ) ಹಾನಿ.",ಮರ್ದ್ ಅಲರ್ಜಿ ಉಪ್ಪುನಕ್ಲೆಗ್ ಬೊಕ್ಕ ದುಂಬೆ ಕಣ್ಣ್ದ ರೆಟಿನಾ ತೊಂದರೆ ಉಪ್ಪುನಕ್ಲೆಗ್ ದೆತೊನರೆ ಬಲ್ಲಿ.,ಕಣ್ಣ್ದ ರೆಟಿನಾ ಹಾನಿ ಆಪೆರೆ ಸಾದ್ಯ ಉಂಡು — ದೀರ್ಘಕಾಲ ದೆತೊನುನಕುಲು ನಿಯಮಿತ ಕಣ್ಣ್ದ ತಪಾಸಣೆ ಮಲ್ಪಾವೊಡು.,"Combining with other medicines that affect heart rhythm (certain antibiotics like azithromycin and fluoroquinolones, and anti-arrhythmia drugs) can add up to a dangerous, potentially fatal heart rhythm problem. It can raise digoxin (a heart medicine) levels. It can strengthen the blood-sugar-lowering effect of diabetes medicines. It can raise cyclosporine levels. (Source: FDA label; DrugBank)",FDA DailyMed; DrugBank DB01611 — ತುಳು
celecoxib,Celecoxib,ಸೆಲೆಕಾಕ್ಸಿಬ್,ಮೂಳೆ ಸಂಧಿ ಬೇನೆ,NSAID (COX-2 ಆಯ್ಕೆದ ಇನ್ಹಿಬಿಟರ್),ಸೆಲೆಕಾಕ್ಸಿಬ್,ಉಂದು ಸೀಕ್ ನಿವಾರಕ ಮರ್ದ್ — ಬೇರೆ ಮರ್ದ್ಲೆಗ್ ಹೋಲಿಸಾಯೆರ್ಡ ಪೊಟ್ಟೆದ ತೊಂದರೆ ಉಂದೆಟ್ ಕಮ್ಮಿ.,"ಬಂಜಿ ಬೇನೆ, ಅಜೀರ್ಣ, ಗೇಂಟಿ, ತರೆ ಬೇನೆ, ಬಿಪಿ ಜಾಸ್ತಿ, ಕಾರ್ ಊತ.","ಸಲ್ಫಾ ಮರ್ದ್ ಅಲರ್ಜಿ, ಪೊಟ್ಟೆಡ್ ರಕ್ತಸ್ರಾವ, ಗರ್ಭದ ಕೊನೆ 3 ತಿಂಗೊಲುಡ್ ದೆತೊನರೆ ಬಲ್ಲಿ.",ಹಾರ್ಟ್ ಅಟ್ಯಾಕ್ ಬೊಕ್ಕ ಸ್ಟ್ರೋಕ್ ಅಪಾಯ ಉಂಡು.,Can increase the blood-thinning effect of warfarin — INR should be monitored. Reduces the effectiveness of blood pressure medicines (ACE inhibitors/ARBs). Raises lithium levels by about 17%. Fluconazole (an antifungal medicine) roughly doubles celecoxib levels — a lower starting dose is used together. Raises methotrexate toxicity risk. (Source: FDA label; RxNav),FDA DailyMed; DrugBank DB00482 — ತುಳು
sulfasalazine,Sulfasalazine,ಸಲ್ಫಾಸಲಾಝಿನ್,ಮೂಳೆ ಸಂಧಿ ಬೇನೆ,DMARD / ಅಮಿನೋಸಲಿಸಿಲೇಟ್,ಸಲ್ಫಾಸಲಾಝಿನ್,ಈ ಮರ್ದ್ ಸಂಧಿ ಬೇನೆ ಬೊಕ್ಕ ಬೆರಿ ಎಲು ಸಂಧಿ ಬೇನೆ ಕೊರ್ಪುನ ಮರ್ದ್.,"ಕಕ್ಕುನಾ (ವಾಂತಿ), ತೆನಸ್ ಇಷ್ಟ ಆಪಂದಿಪ್ಪುನು, ತರೆ ಬೇನೆ, ಮೈ ದದ್ದು. ಉಚ್ಚೆ ಮಂಜಲ್-ಕಿತ್ತಳೆ ಬಣ್ಣ ಆಪುನು.",ಸಲ್ಫಾ ಮರ್ದ್ ಅಲರ್ಜಿ ಉಪ್ಪುನಕ್ಲೆಗ್ ಬೊಕ್ಕ ಉಚ್ಚೆ ಮಾರ್ಗದ ತಡೆ ಉಪ್ಪುನಕ್ಲೆಗ್ ದೆತೊನರೆ ಬಲ್ಲಿ.,ನೆತ್ತೆರ್ದ ಕಣ ಕಮ್ಮಿ ಆಪುನ ಅಪಾಯ — ನೆತ್ತೆರ್ ಬೊಕ್ಕ ಕರಲ್ ತಪಾಸಣೆ ಮಲ್ಪಾವೊಡು.,"Combined with methotrexate (another arthritis medicine), the risk of side effects from both increases — regular blood and liver tests are needed. It reduces absorption of digoxin (a heart medicine) by about 25%. It blocks absorption of folic acid, so a folic acid supplement is usually needed. It can strengthen the effect of blood thinners like warfarin. (Source: FDA label; DrugBank)",FDA DailyMed; DrugBank DB00795 — ತುಳು
prednisolone,Prednisolone,ಪ್ರೆಡ್ನಿಸೊಲೋನ್,ಮೂಳೆ ಸಂಧಿ ಬೇನೆ,ಕಾರ್ಟಿಕೋಸ್ಟೆರಾಯ್ಡ್,ಪ್ರೆಡ್ನಿಸೊಲೋನ್,ಉಂದು ತೀವ್ರ ಉರಿ ಬೊಕ್ಕ ಸೀಕ್ ಕಂಟ್ರೋಲ್ ಮಲ್ಪೆರೆ ಕೊರ್ಪುನ ಸ್ಟೆರಾಯ್ಡ್ ಮರ್ದ್.,"ಅಲ್ಪಕಾಲ: ನಿದ್ರೆ ತೊಂದರೆ, ಕೋಪ/ಮನಸ್ಸ್ ಬದಲಾವಣೆ, ಹಸಿವು ಜಾಸ್ತಿ, ಸಕ್ಕರೆ/ಬಿಪಿ ಜಾಸ್ತಿ. ದೀರ್ಘಕಾಲ: ಎಲು ದೌರ್ಬಲ್ಯ, ತೂಕ ಜಾಸ್ತಿ.",ಫಂಗಸ್ ಸೋಂಕು ಉಪ್ಪುನಕ್ಲೆಗ್ ಬೊಕ್ಕ ಮರ್ದ್ ಅಲರ್ಜಿ ಉಪ್ಪುನಕ್ಲೆಗ್ ದೆತೊನರೆ ಬಲ್ಲಿ.,ತಟ್ಟನೆ ಮರ್ದ್ ನಿಲ್ಪಾವಡ — ಪ್ರಾಣಾಪಾಯ ಆಪೆರೆ ಸಾದ್ಯ ಉಂಡು. ಎಲು ರಕ್ಷಣೆಗ್ ಕ್ಯಾಲ್ಸಿಯಂ ದೆತೊನ್ಲೆ.,"Combined with NSAID painkillers, the risk of stomach ulcers and bleeding increases — a stomach-protecting medicine is often added. It works against diabetes medicines, raising blood sugar. Live vaccines should not be given while on immune-suppressing steroid doses. The antibiotic rifampin makes prednisolone less effective. It can cause unpredictable changes in warfarin's blood-thinning effect, so INR needs monitoring. (Source: FDA label; RxNav)",FDA DailyMed; DrugBank DB00860 — ತುಳು
leflunomide,Leflunomide,ಲೆಫ್ಲುನೊಮೈಡ್,ಮೂಳೆ ಸಂಧಿ ಬೇನೆ,DMARD / ಪირიಮಿಡಿನ್ ಸಂಶ್ಲೇಷಣೆ ತಡೆ,ಲೆಫ್ಲುನೊಮೈಡ್,ಈ ಮರ್ದ್ ಸಂಧಿ ಬೇನೆ ಉರಿ ಬೊಕ್ಕ ನೋವು ಕಮ್ಮಿ ಮಲ್ಪುಂಡು.,"ಗೇಂಟಿ, ಕಕ್ಕುನಾ (ವಾಂತಿ), ಕೂದಲು ಉದುರುನು, ಮೈ ದದ್ದು, ಕರಲ್ ಕಿಣ್ವ ಜಾಸ್ತಿ, ಬಿಪಿ ಜಾಸ್ತಿ.",ಬಂಜಿನ ಪೊಂಜೊಲು (ಬಾರೀ ಅಪಾಯ) ಬೊಕ್ಕ ಕರಲ್ ತೊಂದರೆ ಉಪ್ಪುನಕುಲು ದೆತೊನರೆ ಬಲ್ಲಿ.,ಬಂಜಿ ಉಂತಾವೆರೆ ಆಸೆ ಉಂಡೆರ್ಡ 2 ವರ್ಷ ಕಾಯೊಡು. ಕರಲ್ ತಪಾಸಣೆ ಮಲ್ಪಾವೊಡು.,Combining with methotrexate significantly raises the risk of liver damage — liver tests need close monitoring. It increases the blood-thinning effect of warfarin — INR should be watched closely. It should not be combined with teriflunomide (a related medicine). Cholestyramine or activated charcoal can be used to help clear the drug from the body faster if needed. (Source: FDA label; DrugBank),FDA DailyMed; DrugBank DB00860 — ತುಳು
colchicine,Colchicine,ಕಾಲ್ಚಿಸಿನ್,ಮೂಳೆ ಸಂಧಿ ಬೇನೆ,ಗೌಟ್ ವಿರೋಧಿ / ಉರಿ ನಿವಾರಕ,ಕಾಲ್ಚಿಸಿನ್,ಈ ಮರ್ದ್ ತೀವ್ರ ಗೌಟ್ (ಸಂಧಿ ನೋವು) ಬನ್ನಗ ಕೊರ್ಪುನ ಮರ್ದ್.,"ಗೇಂಟಿ, ಕಕ್ಕುನಾ (ವಾಂತಿ), ಬಂಜಿ ಬೇನೆ.",ಕಿಡ್ನಿ ಅತ್ತಂಡ ಕರಲ್ ತೊಂದರೆ ಉಪ್ಪುನಕ್ಲೆಗ್ ಈ ಮರ್ದ್ ದೆತೊನರೆ ಬಲ್ಲಿ.,ಜಾಸ್ತಿ ಡೋಸ್ ದೆತೊಂಡ್ರೆ ಪ್ರಾಣಾಪಾಯ — ಡಾಕ್ಟ್ರೆ ಸಲಹೆ ಮೀರೊಡಾಪುಜಿ.,"Certain strong antibiotics and antifungals (clarithromycin, ketoconazole) and the HIV medicine ritonavir dramatically raise colchicine levels, which can be fatal — the dose is usually reduced or the combination avoided. Cyclosporine and ranolazine also raise colchicine levels. Cholesterol medicines called statins add to the risk of muscle damage. It can raise digoxin levels. (Source: FDA label; RxNav)",FDA DailyMed; DrugBank DB01394 — ತುಳು
